{
    "gpt-3.5-turbo-0125": {
        "input": 5e-07,
        "output": 1.5e-06
    },
    "gpt-3.5-turbo-instruct": {
        "input": 1.5e-06,
        "output": 2e-06
    },
    "gpt-4": {
        "input": 2.9999999999999997e-05,
        "output": 5.9999999999999995e-05
    },
    "gpt-4-32k": {
        "input": 5.9999999999999995e-05,
        "output": 0.00011999999999999999
    },
    "gpt-4-0125-preview": {
        "input": 1e-05,
        "output": 2.9999999999999997e-05
    },
    "gpt-4-1106-preview": {
        "input": 1e-05,
        "output": 2.9999999999999997e-05
    },
    "gpt-4-1106-vision-preview": {
        "input": 1e-05,
        "output": 2.9999999999999997e-05
    },
    "gpt-3.5-turbo-1106": {
        "input": 1e-06,
        "output": 2e-06
    },
    "gpt-3.5-turbo-0613": {
        "input": 1.5e-06,
        "output": 2e-06
    },
    "gpt-3.5-turbo-16k-0613": {
        "input": 3e-06,
        "output": 4e-06
    },
    "gpt-3.5-turbo-0301": {
        "input": 1.5e-06,
        "output": 2e-06
    }
}